Almacén,Turno,Hora Salida,Hora Retorno Est.,Fin Turno,Conductor,Vehículo,Nº Ruta (en turno),Tiendas en Ruta,Nº Tiendas,Carga Total (kg),Capacidad (kg),% Ocupación,Distancia Real (km),¿Cargó en Ruta?,Punto de Recarga,Coste Energía (€),Coste Mant. (€),Coste Total Ruta (€),Cierre 1ª Tienda,Estado
Atarfe (Central),Turno 1,06:00,07:22,14:15,Conductor FUR-TA-01,Ford E-Transit TA-01,1,Covirán Atarfe Picasso | Covirán Atarfe Jarales | Covirán Atarfe Ermita | Covirán Purchil B,4,1170,1200,97.5 %,17.05,NO,No requiere,0.0,3.07,3.07,14:00,Cumplido
Atarfe (Central),Turno 1,06:00,07:36,14:15,Conductor FUR-TA-02,Ford E-Transit TA-02,2,Covirán Atarfe Cabello | Covirán Atarfe Cement. | Covirán Albolote L. R. | Covirán Albolote Rita | Covirán Peligros F.R.F.,5,1200,1200,100.0 %,16.13,NO,No requiere,0.0,2.9,2.9,14:30,Cumplido
Atarfe (Central),Turno 1,06:00,08:17,14:15,Conductor FUR-TA-03,Ford E-Transit TA-03,3,Covirán Santa Fe Tejar | Covirán Santa Fe Goya | Covirán Santa Fe Murillo | Covirán Purchil A | Covirán Nazareno | Covirán Elvira,6,1190,1200,99.2 %,35.3,NO,No requiere,0.0,6.35,6.35,14:30,Cumplido
Atarfe (Central),Turno 1,06:00,07:48,14:15,Conductor FUR-TA-04,Ford E-Transit TA-04,4,Covirán Venus | Covirán Horno | Covirán Blas de Otero | Covirán S. Allende | Covirán Agua Albayzín,5,1190,1200,99.2 %,25.01,NO,No requiere,0.0,4.5,4.5,14:00,Cumplido
Atarfe (Central),Turno 1,06:00,07:43,14:15,Conductor FUR-TA-05,Ford E-Transit TA-05,5,Covirán Alcalá Real G. | Covirán Chauchina Ancha | Covirán Chauchina Carr. | Covirán Chauchina C31 | Covirán Chauchina Dulc.,5,1200,1200,100.0 %,21.04,NO,No requiere,0.0,3.79,3.79,15:00,Cumplido
Atarfe (Central),Turno 1,06:00,08:01,14:15,Conductor FUR-TA-06,Ford E-Transit TA-06,6,Covirán Pinos Puente | Covirán Pinos Eras | Covirán Pinos Crist. | Covirán Casa Nueva | Covirán Olivares M5B,5,1195,1200,99.6 %,34.52,NO,No requiere,0.0,6.21,6.21,19:00,Cumplido
Atarfe (Central),Turno 1,06:00,07:43,14:15,Conductor FUR-TA-07,Ford E-Transit TA-07,7,Covirán Santiago L. | Covirán Rafael Gago | Covirán Av. Andalucía | Covirán Tórtola | Covirán José Recuerda,5,1160,1200,96.7 %,21.6,NO,No requiere,0.0,3.89,3.89,14:30,Cumplido
Atarfe (Central),Turno 1,06:00,07:57,14:15,Conductor FUR-TA-08,Ford E-Transit TA-08,8,Covirán Pulianas F.G.L. | Covirán Huerta Antón | Covirán Jun | Covirán Alfacar Elena | Covirán Nívar,5,1180,1200,98.3 %,31.51,NO,No requiere,0.0,5.67,5.67,14:00,Cumplido
Atarfe (Central),Turno 1,06:00,08:04,14:15,Conductor FUR-TA-09,Ford E-Transit TA-09,9,Covirán Julio Moreno | Covirán P. Lumbreras | Covirán Rey Badis | Covirán Olimpia | Covirán Rosa Sabater | Covirán Consuelo,6,1130,1200,94.2 %,25.58,NO,No requiere,0.0,4.6,4.6,14:00,Cumplido
Atarfe (Central),Turno 1,06:00,08:09,14:15,Conductor FUR-TA-10,Ford E-Transit TA-10,10,Covirán Chauchina Uno | Covirán Cijuela Eras | Covirán Láchar M48B | Covirán Láchar Med. 48 | Covirán Escóznar,5,1150,1200,95.8 %,40.99,NO,No requiere,0.0,7.38,7.38,14:30,Cumplido
Atarfe (Central),Turno 1,06:00,07:34,14:15,Conductor FUR-TA-11,Ford E-Transit TA-11,11,Covirán Cúllar Aurora | Covirán Gabia Murillo | Covirán Gabia Estación | Covirán Gabia San Fran.,4,1155,1200,96.2 %,26.02,NO,No requiere,0.0,4.68,4.68,14:30,Cumplido
Atarfe (Central),Turno 1,06:00,08:28,14:15,Conductor FUR-TA-12,Ford E-Transit TA-12,12,Covirán Calicasas | Covirán Güevéjar | Covirán Nívar (Alm.) | Covirán Cogollos Vega | Covirán Alfacar Alfag. | Covirán Universidad,6,1160,1200,96.7 %,44.01,NO,No requiere,0.0,7.92,7.92,13:30,Cumplido
Atarfe (Central),Turno 1,06:00,08:03,14:15,Conductor FUR-TA-13,Ford E-Transit TA-13,13,Covirán Severo Ochoa | Covirán Av. Madrid | Covirán Gran Capitán | Covirán San Miguel Alta | Covirán Magdalena | Covirán Recoletos,6,1135,1200,94.6 %,24.8,NO,No requiere,0.0,4.46,4.46,13:30,Cumplido
Atarfe (Central),Turno 1,06:00,07:57,14:15,Conductor FUR-TA-14,Ford E-Transit TA-14,14,Covirán Cruces | Covirán San Ramón | Covirán Picasso | Covirán Albacete | Covirán P. Rdgz Acosta,5,1135,1200,94.6 %,31.5,NO,No requiere,0.0,5.67,5.67,14:30,Cumplido
Atarfe (Central),Turno 1,06:00,08:06,14:15,Conductor FUR-TA-15,Ford E-Transit TA-15,15,Covirán Agustina Ar. | Covirán Ancha Gracia | Covirán Portón Tejeiro | Covirán Concepción | Covirán Navarrete | Covirán Molinos,6,1105,1200,92.1 %,27.06,NO,No requiere,0.0,4.87,4.87,14:00,Cumplido
Atarfe (Central),Turno 1,06:00,07:36,14:15,Conductor FUR-TA-16,Ford E-Transit TA-16,16,Covirán Gabias Ctra. | Covirán Armilla S. Miguel | Covirán Gójar,3,1120,1200,93.3 %,38.59,NO,No requiere,0.0,6.95,6.95,18:00,Cumplido
Atarfe (Central),Turno 1,06:00,08:04,14:15,Conductor FUR-TA-17,Ford E-Transit TA-17,17,Covirán Cervantes | Covirán Ctra. Sierra 30 | Covirán V. del Monte | Covirán Sierra 313 | Covirán Almendros 45B,5,1125,1200,93.8 %,37.16,NO,No requiere,0.0,6.69,6.69,15:00,Cumplido
Atarfe (Central),Turno 1,06:00,08:50,14:15,Conductor FUR-TA-18,Ford E-Transit TA-18,18,Covirán Olivares M5 | Covirán Olivares | Covirán Zujaira Reyes | Covirán Alomartes | Covirán Puerto Lope T. | Covirán Puerto Lope Tr,6,1120,1200,93.3 %,60.51,NO,No requiere,0.0,10.89,10.89,14:00,Cumplido
Atarfe (Central),Turno 1,06:00,07:47,14:15,Conductor FUR-TA-19,Ford E-Transit TA-19,19,Covirán Conocimiento | Covirán Colorados | Covirán Carretería | Covirán Almendros 108,4,1115,1200,92.9 %,35.42,NO,No requiere,0.0,6.38,6.38,20:00,Cumplido
Atarfe (Central),Turno 1,06:00,08:09,14:15,Conductor FUR-TA-20,Ford E-Transit TA-20,20,Covirán Huétor Montes | Covirán Almendros 45 | Covirán Cájar | Covirán Zubia F. Ríos | Covirán Chorreras,5,1180,1200,98.3 %,41.17,NO,No requiere,0.0,7.41,7.41,14:00,Cumplido
Atarfe (Central),Turno 1,06:00,08:00,14:15,Conductor FUR-TA-21,Ford E-Transit TA-21,21,Covirán Alhendín Circ. | Covirán Alhendín Pajar. | Covirán Otura | Covirán Zubia P. Igl.,4,1115,1200,92.9 %,45.03,NO,No requiere,0.0,8.11,8.11,18:00,Cumplido
Atarfe (Central),Turno 1,06:00,09:41,14:15,Conductor FUR-TA-22,Ford E-Transit TA-22,22,Covirán Malahá | Covirán Escúzar Molin. | Covirán Ventas Huelma | Covirán Chimeneas | Covirán Huétor T. 104,5,1185,1200,98.8 %,109.52,NO,No requiere,0.0,19.71,19.71,14:00,Cumplido
Atarfe (Central),Turno 1,06:00,10:07,14:15,Conductor FUR-TA-23,Ford E-Transit TA-23,23,Covirán Deifontes | Covirán Deifontes Lanz. | Covirán Iznalloz | Covirán Dehesas Viejas | Covirán Alcalá Elena,5,1195,1200,99.6 %,129.36,NO,No requiere,0.0,23.28,23.28,14:00,Cumplido
Atarfe (Central),Turno 1,06:00,08:40,14:15,Conductor FUR-TA-24,Ford E-Transit TA-24,24,Covirán Zubia Machado | Covirán Monachil | Covirán Sierra Nevada 26 | Covirán Pinos Genil | Covirán Quéntar,5,1160,1200,96.7 %,63.87,NO,No requiere,0.0,11.5,11.5,14:00,Cumplido
Atarfe (Central),Turno 1,06:00,08:48,14:15,Conductor FUR-TA-25,Ford E-Transit TA-25,25,Covirán Huétor Sant. | Covirán Beas Granada | Covirán Güéjar Sierra | Covirán Sierra Nevada,4,1185,1200,98.8 %,81.3,NO,No requiere,0.0,14.63,14.63,14:00,Cumplido
Atarfe (Central),Turno 1,06:00,09:12,14:15,Conductor FUR-TA-26,Ford E-Transit TA-26,26,Covirán Colomera | Covirán Colomera | Covirán Puerto Lope P. | Covirán Puerto Lope Pz | Covirán Mures | Covirán Mures Real,6,1075,1200,89.6 %,76.64,NO,No requiere,0.0,13.8,13.8,14:00,Cumplido
Atarfe (Central),Turno 1,06:00,09:58,14:15,Conductor FUR-TA-27,Ford E-Transit TA-27,27,Covirán Íllora Rogelio | Covirán Montefrío | Covirán Villanueva M. | Covirán Alcalá Lastre,4,1170,1200,97.5 %,133.6,NO,No requiere,0.0,24.05,24.05,19:00,Cumplido
Atarfe (Central),Turno 1,06:00,08:58,14:15,Conductor FUR-TA-28,Ford E-Transit TA-28,28,Covirán Iznalloz | Covirán Dehesas V. | Covirán Domingo Pérez | Covirán Domingo P.,4,1065,1200,88.8 %,88.52,NO,No requiere,0.0,15.93,15.93,18:00,Cumplido
Atarfe (Central),Turno 1,06:00,08:27,14:15,Conductor FUR-TA-29,Ford E-Transit TA-29,29,Covirán Padul Infante | Covirán Padul Real | Covirán Padul Escúzar | Covirán Cozvíjar,4,1115,1200,92.9 %,65.88,NO,No requiere,0.0,11.86,11.86,14:00,Cumplido
Atarfe (Central),Turno 1,06:00,08:36,14:15,Conductor FUR-TA-30,Ford E-Transit TA-30,30,Covirán Moraleda Baza | Covirán Moraleda Sanc. | Covirán Huétor Tájar,3,1090,1200,90.8 %,83.29,NO,No requiere,0.0,14.99,14.99,15:00,Cumplido
Atarfe (Central),Turno 1,06:00,09:44,14:15,Conductor FUR-TA-31,Ford E-Transit TA-31,31,Covirán Jayena | Covirán Arenas Rey | Covirán Játar | Covirán Alhama Gran.,4,1090,1200,90.8 %,123.46,NO,No requiere,0.0,22.22,22.22,14:30,Cumplido
Atarfe (Central),Turno 1,06:00,10:10,14:15,Conductor FUR-TA-32,Ford E-Transit TA-32,32,Covirán Montillana | Covirán Montillana | Covirán Campotéjar | Covirán Campotéjar | Covirán Torre-Cardela,5,1155,1200,96.2 %,131.71,NO,No requiere,0.0,23.71,23.71,14:00,Cumplido
Atarfe (Central),Turno 1,06:00,08:54,14:15,Conductor FUR-TA-33,Ford E-Transit TA-33,33,Covirán Alcalá Bol. | Covirán Alcalá Bolivia | Covirán Alcalá Isab. | Covirán Alcalá Lastre,4,1200,1200,100.0 %,86.15,NO,No requiere,0.0,15.51,15.51,18:00,Cumplido
Atarfe (Central),Turno 1,06:00,10:36,14:15,Conductor FUR-TA-34,Ford E-Transit TA-34,34,Covirán Moreda | Covirán Torre-Cardela | Covirán Alcalá Isabel | Covirán Alcalá Villa,4,820,1200,68.3 %,162.56,NO,No requiere,0.0,29.26,29.26,14:00,Cumplido
Dos Hermanas,Turno 1,06:00,07:21,14:15,Conductor FUR-TA-01,Ford E-Transit TA-01,1,Covirán Desamparados | Covirán Pirralos | Covirán Belmonte | Covirán Las Cruces | Covirán San José,5,1120,1200,93.3 %,5.18,NO,No requiere,0.0,0.93,0.93,14:00,Cumplido
Dos Hermanas,Turno 1,06:00,07:11,14:15,Conductor FUR-TA-02,Ford E-Transit TA-02,2,Covirán La Motilla | Covirán Bobadilla | Covirán Mtz Montañés | Covirán Av. Primera,4,1170,1200,97.5 %,8.71,NO,No requiere,0.0,1.57,1.57,21:00,Cumplido
Dos Hermanas,Turno 1,06:00,07:41,14:15,Conductor FUR-TA-03,Ford E-Transit TA-03,3,Covirán Real Utrera | Covirán Quinto | Covirán Torres Albas | Covirán Urbión,4,1175,1200,97.9 %,31.44,NO,No requiere,0.0,5.66,5.66,18:00,Cumplido
Dos Hermanas,Turno 1,06:00,07:58,14:15,Conductor FUR-TA-04,Ford E-Transit TA-04,4,Covirán Betis Coria | Covirán La Estrella | Covirán Palomares | Covirán Ginés 14,4,1190,1200,99.2 %,43.96,NO,No requiere,0.0,7.91,7.91,14:00,Cumplido
Dos Hermanas,Turno 1,06:00,07:25,14:15,Conductor FUR-TA-05,Ford E-Transit TA-05,5,Covirán Av. Paz | Covirán Navisa | Covirán Maestro Tejera,3,1110,1200,92.5 %,30.11,NO,No requiere,0.0,5.42,5.42,15:00,Cumplido
Dos Hermanas,Turno 1,06:00,08:10,14:15,Conductor FUR-TA-06,Ford E-Transit TA-06,6,Covirán Blas Infante | Covirán María Jesús | Covirán Carretero | Covirán Ramón Cajal | Covirán San Isidro,5,1180,1200,98.3 %,41.78,NO,No requiere,0.0,7.52,7.52,14:00,Cumplido
Dos Hermanas,Turno 1,06:00,08:35,14:15,Conductor FUR-TA-07,Ford E-Transit TA-07,7,Covirán La Tona | Covirán Malagueta S. | Covirán Torregorda | Covirán J.R. Jiménez 5 | Covirán J.R. Jiménez 8 | Covirán Socorro | Covirán San Luis,7,1185,1200,98.8 %,37.9,NO,No requiere,0.0,6.82,6.82,14:00,Cumplido
Dos Hermanas,Turno 1,06:00,09:00,14:15,Conductor FUR-TA-08,Ford E-Transit TA-08,8,Covirán Silos | Covirán Murillo M.A. | Covirán Viso Calv. | Covirán Nebrija 3,4,1165,1200,97.1 %,90.31,NO,No requiere,0.0,16.25,16.25,19:00,Cumplido
Dos Hermanas,Turno 1,06:00,08:28,14:15,Conductor FUR-TA-09,Ford E-Transit TA-09,9,Covirán Romeros | Covirán Aljarafe 30 | Covirán Misericordia | Covirán Camas Turia | Covirán Bollullos,5,1165,1200,97.1 %,55.45,NO,No requiere,0.0,9.98,9.98,15:00,Cumplido
Dos Hermanas,Turno 1,06:00,11:20,14:15,Conductor FUR-TA-10,Ford E-Transit TA-10,10,Covirán Serra Pickman | Covirán Nebrija 4 | Covirán Esquivel | Covirán Villaverde V. | Covirán Villalba S.R.,5,1185,1200,98.8 %,184.42,NO,No requiere,0.0,33.2,33.2,18:00,Cumplido
Dos Hermanas,Turno 1,06:00,08:53,14:15,Conductor FUR-TA-11,Ford E-Transit TA-11,11,Covirán Utrera Sant. | Covirán Arahal Ctra. | Covirán Arahal Morón,3,1180,1200,98.3 %,96.39,NO,No requiere,0.0,17.35,17.35,21:00,Cumplido
Dos Hermanas,Turno 1,06:00,09:28,14:15,Conductor FUR-TA-12,Ford E-Transit TA-12,12,Covirán Ariscal | Covirán Altozano | Covirán Huévar | Covirán Pilas Juan | Covirán Villamanrique,5,1150,1200,95.8 %,100.27,NO,No requiere,0.0,18.05,18.05,14:30,Cumplido
Dos Hermanas,Turno 1,06:00,09:45,14:15,Conductor FUR-TA-13,Ford E-Transit TA-13,13,Covirán Guadajoz | Covirán Carmona Pil. | Covirán Carmona San F. | Covirán Arahal Cald.,4,1180,1200,98.3 %,124.15,NO,No requiere,0.0,22.35,22.35,14:00,Cumplido
Dos Hermanas,Turno 1,06:00,09:06,14:15,Conductor FUR-TA-14,Ford E-Transit TA-14,14,Covirán Pasaje Real | Covirán Guillena B. | Covirán Pajanosas | Covirán Gerena,4,1080,1200,90.0 %,94.91,NO,No requiere,0.0,17.08,17.08,14:00,Cumplido
Dos Hermanas,Turno 1,06:00,09:55,14:15,Conductor FUR-TA-15,Ford E-Transit TA-15,15,Covirán Pilas Lope | Covirán Hinojos | Covirán Hinojos | Covirán Manzanilla | Covirán Manzanilla,5,1130,1200,94.2 %,120.69,NO,No requiere,0.0,21.72,21.72,15:00,Cumplido
Dos Hermanas,Turno 1,06:00,10:15,14:15,Conductor FUR-TA-16,Ford E-Transit TA-16,16,Covirán Cabezas Sev. | Covirán Arahal Madrid | Covirán Paradas,3,1060,1200,88.3 %,158.08,NO,No requiere,0.0,28.45,28.45,18:00,Cumplido
Dos Hermanas,Turno 1,06:00,13:02,14:15,Conductor FUR-TA-17,Ford E-Transit TA-17,17,Covirán Carmona Guad. | Covirán Villaverde T. | Covirán Castilblanco | Covirán Villalba R.,4,1185,1200,98.8 %,219.49,SÍ,P.I. Los Espartales (A-4 (La Rinconada)),25.7,39.51,65.21,14:30,Cumplido
Dos Hermanas,Turno 1,06:00,10:25,14:15,Conductor FUR-TA-18,Ford E-Transit TA-18,18,Covirán Aznalcóllar | Covirán Paterna | Covirán Villalba F. | Covirán Villalba F. | Covirán Villalba T.,5,1120,1200,93.3 %,142.97,NO,No requiere,0.0,25.73,25.73,14:30,Cumplido
Dos Hermanas,Turno 1,06:00,10:00,14:15,Conductor FUR-TA-19,Ford E-Transit TA-19,19,Covirán Villalba R.T. | Covirán Almonte C. | Covirán Almonte R.,3,890,1200,74.2 %,146.53,NO,No requiere,0.0,26.38,26.38,14:00,Cumplido
Dos Hermanas,Turno 1,06:00,09:05,14:15,Conductor FUR-TA-20,Ford E-Transit TA-20,20,Covirán Almonte Roc.,1,550,1200,45.8 %,128.09,NO,No requiere,0.0,23.06,23.06,18:00,Cumplido
Dos Hermanas,Turno 1,06:00,13:16,14:15,Conductor FUR-TA-21,Ford E-Transit TA-21,21,Covirán Écija Toreros | Covirán Écija Fuens. | Covirán F. Palmera S.,3,1120,1200,93.3 %,240.91,SÍ,bp Nuestra Sra Valme (Dos Hermanas),28.56,43.36,71.92,19:00,Cumplido
Dos Hermanas,Turno 1,06:00,13:45,14:15,Conductor FUR-TA-22,Ford E-Transit TA-22,22,Covirán Hornachuelos | Covirán Posadas | Covirán Ochavillo | Covirán F. Palmera M.,4,1190,1200,99.2 %,251.59,SÍ,bp Nuestra Sra Valme (Dos Hermanas),28.56,45.29,73.85,14:00,Cumplido
Jaén,Turno 1,06:00,06:55,14:15,Conductor FUR-TA-01,Ford E-Transit TA-01,1,Covirán Olivares M.R. | Covirán Paseo España | Covirán Astrónomo,3,1120,1200,93.3 %,8.0,NO,No requiere,0.0,1.44,1.44,18:00,Cumplido
Jaén,Turno 1,06:00,08:03,14:15,Conductor FUR-TA-02,Ford E-Transit TA-02,2,Covirán Doctor Sagaz | Covirán Navas Tolosa | Covirán Mtz Molina | Covirán Millán Priego | Covirán Almendros Ag. | Covirán Espiga | Covirán Carrera Jesús,7,1170,1200,97.5 %,13.54,NO,No requiere,0.0,2.44,2.44,14:00,Cumplido
Jaén,Turno 1,06:00,08:28,14:15,Conductor FUR-TA-03,Ford E-Transit TA-03,3,Covirán Av. Andalucía | Covirán Porcuna Jaén | Covirán San Roque | Covirán Jardín Jaén | Covirán Juanito Pract. | Covirán Fuerte Rey,6,1190,1200,99.2 %,44.23,NO,No requiere,0.0,7.96,7.96,15:00,Cumplido
Jaén,Turno 1,06:00,09:02,14:15,Conductor FUR-TA-04,Ford E-Transit TA-04,4,Covirán Alcantarilla | Covirán La Guardia | Covirán Pegalajar | Covirán Mancha Real | Covirán Albanchez,5,1200,1200,100.0 %,80.29,NO,No requiere,0.0,14.45,14.45,14:00,Cumplido
Jaén,Turno 1,06:00,08:20,14:15,Conductor FUR-TA-05,Ford E-Transit TA-05,5,Covirán T.campo Fte. | Covirán T.campo Est. | Covirán T.campo Const. | Covirán Villargordo,4,1110,1200,92.5 %,60.27,NO,No requiere,0.0,10.85,10.85,14:00,Cumplido
Jaén,Turno 1,06:00,08:55,14:15,Conductor FUR-TA-06,Ford E-Transit TA-06,6,Covirán Torredonjimeno | Covirán Martos | Covirán Alcaudete Pil.,3,1145,1200,95.4 %,98.08,NO,No requiere,0.0,17.66,17.66,18:00,Cumplido
Jaén,Turno 1,06:00,09:48,14:15,Conductor FUR-TA-07,Ford E-Transit TA-07,7,Covirán Torres | Covirán Bélmez | Covirán Jódar Mayo | Covirán Huelma And.,4,1180,1200,98.3 %,126.55,NO,No requiere,0.0,22.78,22.78,14:00,Cumplido
Jaén,Turno 1,06:00,09:50,14:15,Conductor FUR-TA-08,Ford E-Transit TA-08,8,Covirán Valdepeñas | Covirán Campillo Ar. | Covirán Campillo Ar. | Covirán Noalejo | Covirán Arbuniel,5,1160,1200,96.7 %,116.4,NO,No requiere,0.0,20.95,20.95,14:00,Cumplido
Jaén,Turno 1,06:00,12:42,14:15,Conductor FUR-TA-09,Ford E-Transit TA-09,9,Covirán T.blascopedro | Covirán Linares Blas. | Covirán Linares Mayo | Covirán Fte Tójar N13,4,1145,1200,95.4 %,204.52,SÍ,Carrefour Linares (2 pts) (Av. Ciudad Linares),25.7,36.81,62.51,14:30,Cumplido
Jaén,Turno 1,06:00,11:22,14:15,Conductor FUR-TA-10,Ford E-Transit TA-10,10,Covirán Carchelejo | Covirán Huelma Conv. | Covirán Montejícar | Covirán Montejícar | Covirán Fte Tójar N0,5,1155,1200,96.2 %,185.78,NO,No requiere,0.0,33.44,33.44,14:00,Cumplido
Jaén,Turno 1,06:00,09:23,14:15,Conductor FUR-TA-11,Ford E-Transit TA-11,11,Covirán Noalejo | Covirán Guadahortuna | Covirán Guadahortuna,3,975,1200,81.2 %,118.57,NO,No requiere,0.0,21.34,21.34,14:00,Cumplido
Jaén,Turno 1,06:00,09:42,14:15,Conductor FUR-TA-12,Ford E-Transit TA-12,12,Covirán Alcaudete And. | Covirán La Rábita | Covirán Albendín,3,940,1200,78.3 %,133.16,NO,No requiere,0.0,23.97,23.97,19:00,Cumplido
Casabermeja,Turno 1,06:00,08:52,14:15,Conductor FUR-TA-01,Ford E-Transit TA-01,1,Covirán V. Concepción | Covirán Colmenar I. | Covirán Colmenar G. | Covirán Colmenar P. | Covirán Riogordo | Covirán Comares,6,1120,1200,93.3 %,62.18,NO,No requiere,0.0,11.19,11.19,14:30,Cumplido
Casabermeja,Turno 1,06:00,09:04,14:15,Conductor FUR-TA-02,Ford E-Transit TA-02,2,Covirán V. Rosario | Covirán Alfarnate | Covirán Periana | Covirán Zafarraya L. | Covirán Zafarraya P.,5,1140,1200,95.0 %,82.49,NO,No requiere,0.0,14.85,14.85,14:30,Cumplido
Casabermeja,Turno 1,06:00,09:05,14:15,Conductor FUR-TA-03,Ford E-Transit TA-03,3,Covirán Puerto Torre | Covirán Manos Unidas | Covirán Deva | Covirán Plutarco | Covirán Plaza Ronda | Covirán Totalán,6,1185,1200,98.8 %,71.31,NO,No requiere,0.0,12.84,12.84,18:00,Cumplido
Casabermeja,Turno 1,06:00,09:30,14:15,Conductor FUR-TA-04,Ford E-Transit TA-04,4,Covirán Aurora Alborn. | Covirán Isola | Covirán Reding | Covirán Villafuerte | Covirán Av. Aurora | Covirán Unión | Covirán Benagalbón A,7,1195,1200,99.6 %,79.37,NO,No requiere,0.0,14.29,14.29,14:00,Cumplido
Casabermeja,Turno 1,06:00,08:40,14:15,Conductor FUR-TA-05,Ford E-Transit TA-05,5,Covirán Antequera B. | Covirán Antequera C. | Covirán Antequera Fte. | Covirán Abdalajís,4,1160,1200,96.7 %,75.16,NO,No requiere,0.0,13.53,13.53,14:00,Cumplido
Casabermeja,Turno 1,06:00,08:29,14:15,Conductor FUR-TA-06,Ford E-Transit TA-06,6,Covirán San Isidro | Covirán Lugo | Covirán Héroe Sostoa | Covirán Cura Merino | Covirán Dr. Millán,5,1140,1200,95.0 %,56.05,NO,No requiere,0.0,10.09,10.09,15:00,Cumplido
Casabermeja,Turno 1,06:00,08:29,14:15,Conductor FUR-TA-07,Ford E-Transit TA-07,7,Covirán Ortega Gasset | Covirán Punta Alta | Covirán Torremolinos M.,3,1180,1200,98.3 %,78.41,NO,No requiere,0.0,14.11,14.11,19:00,Cumplido
Casabermeja,Turno 1,06:00,09:37,14:15,Conductor FUR-TA-08,Ford E-Transit TA-08,8,Covirán Almáchar | Covirán Triana | Covirán Borge | Covirán Benamocarra | Covirán Iznate | Covirán Benamargosa | Covirán Los Romanes,7,1140,1200,95.0 %,84.37,NO,No requiere,0.0,15.19,15.19,14:30,Cumplido
Casabermeja,Turno 1,06:00,09:25,14:15,Conductor FUR-TA-09,Ford E-Transit TA-09,9,Covirán Rusia | Covirán Churriana | Covirán Torremolinos | Covirán Torremolinos C. | Covirán Cártama B.,5,1200,1200,100.0 %,97.58,NO,No requiere,0.0,17.56,17.56,14:00,Cumplido
Casabermeja,Turno 1,06:00,10:11,14:15,Conductor FUR-TA-10,Ford E-Transit TA-10,10,Covirán Campanillas | Covirán Estación | Covirán Cártama O. | Covirán Alhaurín Ceuta | Covirán Carratraca,5,1175,1200,97.9 %,132.17,NO,No requiere,0.0,23.79,23.79,14:30,Cumplido
Casabermeja,Turno 1,06:00,09:37,14:15,Conductor FUR-TA-11,Ford E-Transit TA-11,11,Covirán Archidona | Covirán Fte. Camacho | Covirán Ventorros | Covirán Loja Rafael,4,1120,1200,93.3 %,118.05,NO,No requiere,0.0,21.25,21.25,15:00,Cumplido
Casabermeja,Turno 1,06:00,09:25,14:15,Conductor FUR-TA-12,Ford E-Transit TA-12,12,Covirán Cala Moral | Covirán Benagalbón C | Covirán Almayate | Covirán Acequia | Covirán Torre Mar L.,5,1200,1200,100.0 %,98.08,NO,No requiere,0.0,17.65,17.65,14:30,Cumplido
Casabermeja,Turno 1,06:00,10:39,14:15,Conductor FUR-TA-13,Ford E-Transit TA-13,13,Covirán Álora Carm. | Covirán Álora Cerv. | Covirán Pizarra Const. | Covirán Pizarra Cer. | Covirán El Almendral,5,1200,1200,100.0 %,153.06,NO,No requiere,0.0,27.55,27.55,14:00,Cumplido
Casabermeja,Turno 1,06:00,10:28,14:15,Conductor FUR-TA-14,Ford E-Transit TA-14,14,Covirán Zafarraya M. | Covirán Ventas Zaf. | Covirán Alcaucín | Covirán Arenas | Covirán Corumbela | Covirán Cómpeta | Covirán Sayalonga,7,1130,1200,94.2 %,122.87,NO,No requiere,0.0,22.12,22.12,14:00,Cumplido
Casabermeja,Turno 1,06:00,09:47,14:15,Conductor FUR-TA-15,Ford E-Transit TA-15,15,Covirán Alhaurín T. | Covirán Alhaurín Med. | Covirán Arroyo Miel | Covirán Zalea,4,1180,1200,98.3 %,125.59,NO,No requiere,0.0,22.61,22.61,18:00,Cumplido
Casabermeja,Turno 1,06:00,08:31,14:15,Conductor FUR-TA-16,Ford E-Transit TA-16,16,Covirán Vélez V. Mál. | Covirán Vélez Reginfo | Covirán Vélez P.I.,3,1135,1200,94.6 %,80.17,NO,No requiere,0.0,14.43,14.43,15:00,Cumplido
Casabermeja,Turno 1,06:00,09:30,14:15,Conductor FUR-TA-17,Ford E-Transit TA-17,17,Covirán Vélez Montera | Covirán Vélez Huerta | Covirán Torre Mar C. | Covirán Caleta V. | Covirán Algarrobo R.,5,1195,1200,99.6 %,101.82,NO,No requiere,0.0,18.33,18.33,14:30,Cumplido
Casabermeja,Turno 1,06:00,09:29,14:15,Conductor FUR-TA-18,Ford E-Transit TA-18,18,Covirán Benalmádena A. | Covirán Fuengirola P. | Covirán Fuengirola B. | Covirán Mijas Ch.,4,1185,1200,98.8 %,111.79,NO,No requiere,0.0,20.12,20.12,20:00,Cumplido
Casabermeja,Turno 1,06:00,09:39,14:15,Conductor FUR-TA-19,Ford E-Transit TA-19,19,Covirán Alhaurín G. | Covirán Alhaurín F. | Covirán Alhaurín C. | Covirán Fuengirola B.M.,4,1175,1200,97.9 %,119.54,NO,No requiere,0.0,21.52,21.52,18:00,Cumplido
Casabermeja,Turno 1,06:00,13:13,14:15,Conductor FUR-TA-20,Ford E-Transit TA-20,20,Covirán Algarrobo K. | Covirán Algarrobo P. | Covirán Mezquitilla | Covirán Fuengirola R. | Covirán Ojén,5,1125,1200,93.8 %,216.69,SÍ,Tesla Fuengirola (Higuerón 1) (Av. del Higuerón),24.28,39.0,63.28,14:30,Cumplido
Casabermeja,Turno 1,06:00,10:09,14:15,Conductor FUR-TA-21,Ford E-Transit TA-21,21,Covirán Ardales | Covirán El Burgo | Covirán Yunquera | Covirán Tolox,4,930,1200,77.5 %,141.97,NO,No requiere,0.0,25.56,25.56,14:30,Cumplido
Casabermeja,Turno 1,06:00,09:55,14:15,Conductor FUR-TA-22,Ford E-Transit TA-22,22,Covirán Coín | Covirán Mijas Costa | Covirán Mijas Gard.,3,1185,1200,98.8 %,142.85,NO,No requiere,0.0,25.71,25.71,19:00,Cumplido
Casabermeja,Turno 1,06:00,09:45,14:15,Conductor FUR-TA-23,Ford E-Transit TA-23,23,Covirán Fuengirola M. | Covirán Mijas M. | Covirán Calahonda,3,1140,1200,95.0 %,135.73,NO,No requiere,0.0,24.43,24.43,19:00,Cumplido
Casabermeja,Turno 1,06:00,10:08,14:15,Conductor FUR-TA-24,Ford E-Transit TA-24,24,Covirán Marbella Cum. | Covirán Marbella Mál. | Covirán Marbella Jac.,3,1185,1200,98.8 %,152.67,NO,No requiere,0.0,27.48,27.48,19:00,Cumplido
Casabermeja,Turno 1,06:00,10:16,14:15,Conductor FUR-TA-25,Ford E-Transit TA-25,25,Covirán Aguilar Fron.,1,380,1200,31.7 %,181.23,NO,No requiere,0.0,32.62,32.62,15:00,Cumplido
Puerto Real,Turno 1,06:00,07:28,14:15,Conductor FUR-TA-01,Ford E-Transit TA-01,1,Covirán Puerto Real R. | Covirán Zahara P.R. | Covirán V Centenario | Covirán Cielo,4,1110,1200,92.5 %,21.41,NO,No requiere,0.0,3.85,3.85,14:30,Cumplido
Puerto Real,Turno 1,06:00,07:57,14:15,Conductor FUR-TA-02,Ford E-Transit TA-02,2,Covirán Bosco S.F. | Covirán San Marcos | Covirán Arenal S.F. | Covirán Ramos | Covirán San Fernando P. | Covirán San Fernando A.,6,1185,1200,98.8 %,20.37,NO,No requiere,0.0,3.67,3.67,14:00,Cumplido
Puerto Real,Turno 1,06:00,08:16,14:15,Conductor FUR-TA-03,Ford E-Transit TA-03,3,Covirán V. Loreto | Covirán Guadalquivir | Covirán Salvador Mundo | Covirán Muñoz Arenilla | Covirán Portugal | Covirán San Severiano | Covirán Goya Cádiz,7,1170,1200,97.5 %,23.88,NO,No requiere,0.0,4.3,4.3,14:00,Cumplido
Puerto Real,Turno 1,06:00,08:02,14:15,Conductor FUR-TA-04,Ford E-Transit TA-04,4,Covirán Luis Milena | Covirán Chiclana Trab. | Covirán Chiclana D61 | Covirán Chiclana Dip. | Covirán Zahara Chic.,5,1200,1200,100.0 %,35.82,NO,No requiere,0.0,6.45,6.45,15:00,Cumplido
Puerto Real,Turno 1,06:00,08:22,14:15,Conductor FUR-TA-05,Ford E-Transit TA-05,5,Covirán Cádiz | Covirán Segunda Aguada | Covirán Nazareno | Covirán Ancha | Covirán Pericón | Covirán Serafín,6,1200,1200,100.0 %,39.0,NO,No requiere,0.0,7.02,7.02,14:00,Cumplido
Puerto Real,Turno 1,06:00,08:06,14:15,Conductor FUR-TA-06,Ford E-Transit TA-06,6,Covirán El Puerto O. | Covirán Fuentebravía | Covirán María Aux. | Covirán Angustias,4,1170,1200,97.5 %,50.01,NO,No requiere,0.0,9.0,9.0,15:00,Cumplido
Puerto Real,Turno 1,06:00,08:01,14:15,Conductor FUR-TA-07,Ford E-Transit TA-07,7,Covirán Mayorazgo | Covirán Soria | Covirán Viena | Covirán Águila | Covirán Recreo S.P.,5,1135,1200,94.6 %,35.13,NO,No requiere,0.0,6.32,6.32,15:00,Cumplido
Puerto Real,Turno 1,06:00,08:15,14:15,Conductor FUR-TA-08,Ford E-Transit TA-08,8,Covirán Muleta | Covirán Jacinto Ben. | Covirán Chiclana Vid | Covirán Brake | Covirán Jardines | Covirán Sant. Trin.,6,1185,1200,98.8 %,34.47,NO,No requiere,0.0,6.21,6.21,13:30,Cumplido
Puerto Real,Turno 1,06:00,07:52,14:15,Conductor FUR-TA-09,Ford E-Transit TA-09,9,Covirán Corredera | Covirán Fte Amarga | Covirán Fte Amarga 151 | Covirán Quintas,4,1065,1200,88.8 %,39.3,NO,No requiere,0.0,7.07,7.07,14:00,Cumplido
Puerto Real,Turno 1,06:00,08:43,14:15,Conductor FUR-TA-10,Ford E-Transit TA-10,10,Covirán Altamar | Covirán Begonia | Covirán Barrosa | Covirán La Florida,4,1155,1200,96.2 %,77.74,NO,No requiere,0.0,13.99,13.99,14:30,Cumplido
Puerto Real,Turno 1,06:00,08:27,14:15,Conductor FUR-TA-11,Ford E-Transit TA-11,11,Covirán Pinar Don J. | Covirán Roche | Covirán Conil Sevilla,3,1170,1200,97.5 %,77.18,NO,No requiere,0.0,13.89,13.89,20:00,Cumplido
Puerto Real,Turno 1,06:00,09:23,14:15,Conductor FUR-TA-12,Ford E-Transit TA-12,12,Covirán Medina Alcalá | Covirán Medina Juan | Covirán Medina Amér. | Covirán Vejer,4,1075,1200,89.6 %,108.0,NO,No requiere,0.0,19.44,19.44,14:00,Cumplido
Puerto Real,Turno 1,06:00,09:36,14:15,Conductor FUR-TA-13,Ford E-Transit TA-13,13,Covirán Barrio Nuevo | Covirán Conil Alta | Covirán Conil Pozuelo | Covirán Barbate B.,4,1005,1200,83.8 %,117.0,NO,No requiere,0.0,21.06,21.06,15:00,Cumplido
Puerto Real,Turno 1,06:00,12:32,14:15,Conductor FUR-TA-14,Ford E-Transit TA-14,14,Covirán Los Caños | Covirán Algeciras,2,820,1200,68.3 %,219.54,SÍ,bp Carranza (Vejer de la Fra.),28.56,39.52,68.08,20:00,Cumplido
El Ejido,Turno 1,06:00,07:32,14:15,Conductor FUR-TA-01,Ford E-Transit TA-01,1,Covirán El Ejido S.N. | Covirán El Ejido M.E. | Covirán Sta Mª Águila | Covirán Dalías Cura,4,1170,1200,97.5 %,24.09,NO,No requiere,0.0,4.34,4.34,18:00,Cumplido
El Ejido,Turno 1,06:00,08:51,14:15,Conductor FUR-TA-02,Ford E-Transit TA-02,2,Covirán Dalías Rambla | Covirán Berja Rosal | Covirán Berja Alcántara | Covirán Balanegra | Covirán Quijote,5,1155,1200,96.2 %,72.63,NO,No requiere,0.0,13.07,13.07,15:00,Cumplido
El Ejido,Turno 1,06:00,08:12,14:15,Conductor FUR-TA-03,Ford E-Transit TA-03,3,Covirán Almerimar Ctra. | Covirán Almerimar G. | Covirán San Agustín | Covirán Roquetas Pomares,4,1115,1200,92.9 %,54.72,NO,No requiere,0.0,9.85,9.85,21:00,Cumplido
El Ejido,Turno 1,06:00,09:17,14:15,Conductor FUR-TA-04,Ford E-Transit TA-04,4,Covirán La Mojonera | Covirán Roquetas Urb. | Covirán Roquetas Marinas | Covirán Alhabia,4,1175,1200,97.9 %,102.91,NO,No requiere,0.0,18.52,18.52,18:00,Cumplido
El Ejido,Turno 1,06:00,08:26,14:15,Conductor FUR-TA-05,Ford E-Transit TA-05,5,Covirán El Sotanillo | Covirán Vícar Valencia | Covirán La Gangosa | Covirán Puebla Vícar | Covirán Roquetas 45,5,1175,1200,97.9 %,54.0,NO,No requiere,0.0,9.72,9.72,14:00,Cumplido
El Ejido,Turno 1,06:00,09:21,14:15,Conductor FUR-TA-06,Ford E-Transit TA-06,6,Covirán Roquetas Mojon. | Covirán Roquetas Hoyo | Covirán Roquetas Reino | Covirán Alcolea,4,1190,1200,99.2 %,106.37,NO,No requiere,0.0,19.15,19.15,18:00,Cumplido
El Ejido,Turno 1,06:00,09:27,14:15,Conductor FUR-TA-07,Ford E-Transit TA-07,7,Covirán Roquetas Molina | Covirán Roquetas Oviedo | Covirán Roquetas 287 | Covirán Aguadulce | Covirán Canjáyar,5,1185,1200,98.8 %,99.57,NO,No requiere,0.0,17.92,17.92,14:30,Cumplido
El Ejido,Turno 1,06:00,09:30,14:15,Conductor FUR-TA-08,Ford E-Transit TA-08,8,Covirán Adra Curva | Covirán Puente del Río | Covirán Cádiar | Covirán Bérchules,4,1075,1200,89.6 %,113.13,NO,No requiere,0.0,20.36,20.36,18:00,Cumplido
El Ejido,Turno 1,06:00,09:34,14:15,Conductor FUR-TA-09,Ford E-Transit TA-09,9,Covirán Alhama Almería | Covirán Gádor | Covirán Benahadux | Covirán Huércal | Covirán Av. del Mar,5,1120,1200,93.3 %,104.75,NO,No requiere,0.0,18.85,18.85,14:00,Cumplido
El Ejido,Turno 1,06:00,12:58,14:15,Conductor FUR-TA-10,Ford E-Transit TA-10,10,Covirán Largo Caballero | Covirán El Alquián | Covirán Cabo Gata | Covirán Níjar Venta | Covirán Sorbas,5,1080,1200,90.0 %,205.02,SÍ,bp Mare Nostrum (Av. Mare Nostrum),28.56,36.9,65.46,14:30,Cumplido
El Ejido,Turno 1,06:00,11:25,14:15,Conductor FUR-TA-11,Ford E-Transit TA-11,11,Covirán Yegen | Covirán Gérgal | Covirán Tabernas Alm. | Covirán Tabernas And. | Covirán Tabernas Ext.,5,930,1200,77.5 %,188.08,NO,No requiere,0.0,33.85,33.85,14:00,Cumplido
Baza,Turno 1,06:00,13:57,14:15,Conductor FUR-TA-01,Ford E-Transit TA-01,1,Covirán Cúllar Mayor | Covirán Chercos | Covirán Abla | Covirán Alquife | Covirán Guadix Duque,5,1020,1200,85.0 %,249.19,SÍ,Zunder Baza (Hotel Mirasierra) (A-92N),26.18,44.85,71.03,14:00,Cumplido
Baza,Turno 1,06:00,09:16,14:15,Conductor FUR-TA-02,Ford E-Transit TA-02,2,Covirán Alcudia G. | Covirán Guadix Pedro | Covirán Guadix B.A. | Covirán Cogollos G.,4,1165,1200,97.1 %,102.12,NO,No requiere,0.0,18.38,18.38,14:30,Cumplido
Baza,Turno 1,06:00,09:36,14:15,Conductor FUR-TA-03,Ford E-Transit TA-03,3,Covirán Pedro Mart. | Covirán Benalúa | Covirán Purullena,3,785,1200,65.4 %,128.43,NO,No requiere,0.0,23.12,23.12,14:00,Cumplido
Motril,Turno 1,06:00,07:26,14:15,Conductor FUR-TA-01,Ford E-Transit TA-01,1,Covirán Motril C.R. | Covirán Motril S. Ant. | Covirán Motril Buen P. | Covirán Motril Santís. | Covirán Motril Galic.,5,1175,1200,97.9 %,8.31,NO,No requiere,0.0,1.5,1.5,14:30,Cumplido
Motril,Turno 1,06:00,08:16,14:15,Conductor FUR-TA-02,Ford E-Transit TA-02,2,Covirán Motril Cant. | Covirán Motril Cañas | Covirán Motril Ernesto | Covirán Motril Bach.B | Covirán Motril Bach. | Covirán Motril Marjal. | Covirán Lobres B.C.,7,1180,1200,98.3 %,23.36,NO,No requiere,0.0,4.21,4.21,14:00,Cumplido
Motril,Turno 1,06:00,07:31,14:15,Conductor FUR-TA-03,Ford E-Transit TA-03,3,Covirán Motril Rambla | Covirán Motril Crist. | Covirán Caleta | Covirán Salobreña G.,4,1140,1200,95.0 %,23.47,NO,No requiere,0.0,4.22,4.22,18:00,Cumplido
Motril,Turno 1,06:00,08:46,14:15,Conductor FUR-TA-04,Ford E-Transit TA-04,4,Covirán Lobres Espin. | Covirán Molvízar | Covirán Jete | Covirán Otívar | Covirán Faragüit | Covirán Vélez Ben.,6,1180,1200,98.3 %,57.44,NO,No requiere,0.0,10.34,10.34,14:00,Cumplido
Motril,Turno 1,06:00,08:49,14:15,Conductor FUR-TA-05,Ford E-Transit TA-05,5,Covirán Órgiva Correo | Covirán Órgiva Gran. | Covirán Lanjarón Huer. | Covirán Lanjarón And. | Covirán Lecrín Granada,5,1185,1200,98.8 %,70.91,NO,No requiere,0.0,12.76,12.76,14:00,Cumplido
Motril,Turno 1,06:00,10:01,14:15,Conductor FUR-TA-06,Ford E-Transit TA-06,6,Covirán Restábal | Covirán Lecrín Const. | Covirán Mondújar | Covirán Nigüelas | Covirán Albuñuelas | Covirán Capileira Tro.,6,1150,1200,95.8 %,113.45,NO,No requiere,0.0,20.42,20.42,13:30,Cumplido
Motril,Turno 1,06:00,13:34,14:15,Conductor FUR-TA-07,Ford E-Transit TA-07,7,Covirán Capileira Car. | Covirán Bubión | Covirán Pitres | Covirán Pórtugos | Covirán Almegíjar | Covirán Trevélez | Covirán Canillas Alb. | Covirán Nerja Garza,8,1130,1200,94.2 %,198.65,SÍ,CC El Ingenio (4 puntos) (Vélez-Málaga (A-7)),25.7,35.76,61.46,14:00,Cumplido
Motril,Turno 1,06:00,09:08,14:15,Conductor FUR-TA-08,Ford E-Transit TA-08,8,Covirán Nerja Ferr. | Covirán Nerja Rueda | Covirán Nerja Jaén | Covirán Nerja Huertos | Covirán Nerja Chile,5,1145,1200,95.4 %,85.45,NO,No requiere,0.0,15.38,15.38,14:30,Cumplido
Motril,Turno 1,06:00,09:25,14:15,Conductor FUR-TA-09,Ford E-Transit TA-09,9,Covirán Peñoncillo | Covirán Torrox | Covirán El Morche Ll. | Covirán El Morche N.,4,990,1200,82.5 %,109.35,NO,No requiere,0.0,19.68,19.68,14:00,Cumplido
Andújar,Turno 1,06:00,07:53,14:15,Conductor FUR-TA-01,Ford E-Transit TA-01,1,Covirán Andújar Arg. | Covirán Andújar Hornos | Covirán Andújar Abas. | Covirán Andújar Moya | Covirán Marmolejo Cal.,5,1190,1200,99.2 %,28.82,NO,No requiere,0.0,5.19,5.19,18:00,Cumplido
Andújar,Turno 1,06:00,07:20,14:15,Conductor FUR-TA-02,Ford E-Transit TA-02,2,Covirán Andújar Capu. | Covirán Andújar Virg. | Covirán Andújar Soled. | Covirán Andújar Marco | Covirán Andújar Quin.,5,1155,1200,96.2 %,3.84,NO,No requiere,0.0,0.69,0.69,14:00,Cumplido
Andújar,Turno 1,06:00,07:40,14:15,Conductor FUR-TA-03,Ford E-Transit TA-03,3,Covirán Andújar Pino | Covirán Andújar P.P. | Covirán Andújar Jaén | Covirán Marmolejo Blas,4,1170,1200,97.5 %,30.31,NO,No requiere,0.0,5.46,5.46,14:00,Cumplido
Andújar,Turno 1,06:00,08:38,14:15,Conductor FUR-TA-04,Ford E-Transit TA-04,4,Covirán Marmolejo Mar. | Covirán Marmolejo Huer. | Covirán Marmolejo Viz. | Covirán Marmolejo Mon. | Covirán Lopera Ángela | Covirán Lopera Sor A.,6,1150,1200,95.8 %,51.03,NO,No requiere,0.0,9.19,9.19,14:30,Cumplido
Andújar,Turno 1,06:00,09:55,14:15,Conductor FUR-TA-05,Ford E-Transit TA-05,5,Covirán Arjona C30 | Covirán Arjona Cast. | Covirán Arjona Ayala | Covirán La Higuera | Covirán Villanueva R. | Covirán Baños,6,1180,1200,98.3 %,109.1,NO,No requiere,0.0,19.64,19.64,14:30,Cumplido
Andújar,Turno 1,06:00,08:36,14:15,Conductor FUR-TA-06,Ford E-Transit TA-06,6,Covirán Lopera Triun. | Covirán Lopera Triun. | Covirán Lopera V. Rey | Covirán Villa del Río A | Covirán Villa del Río E,5,1140,1200,95.0 %,60.96,NO,No requiere,0.0,10.97,10.97,14:00,Cumplido
Andújar,Turno 1,06:00,09:20,14:15,Conductor FUR-TA-07,Ford E-Transit TA-07,7,Covirán Villa del Río A | Covirán Villa del Río | Covirán Cañete | Covirán Valenzuela,4,1105,1200,92.1 %,105.38,NO,No requiere,0.0,18.97,18.97,14:00,Cumplido
Andújar,Turno 1,06:00,09:53,14:15,Conductor FUR-TA-08,Ford E-Transit TA-08,8,Covirán Porcuna Traf. | Covirán Cañete | Covirán Algallarín | Covirán Villafranca,4,1100,1200,91.7 %,129.86,NO,No requiere,0.0,23.37,23.37,14:00,Cumplido
Andújar,Turno 1,06:00,13:18,14:15,Conductor FUR-TA-09,Ford E-Transit TA-09,9,Covirán Bailén | Covirán Adamuz | Covirán Las Lomas | Covirán Pedro Bares,4,1200,1200,100.0 %,231.59,SÍ,Tesla Córdoba (C. Gema),26.66,41.69,68.35,21:00,Cumplido
Andújar,Turno 1,06:00,12:45,14:15,Conductor FUR-TA-10,Ford E-Transit TA-10,10,Covirán Baena | Covirán N. Carteya M. | Covirán N. Carteya C. | Covirán Monturque | Covirán Montilla Rita,5,1165,1200,97.1 %,195.46,SÍ,bp Los Bomberos (Cabra (km 1.5)),28.56,35.18,63.74,15:00,Cumplido
Andújar,Turno 1,06:00,10:50,14:15,Conductor FUR-TA-11,Ford E-Transit TA-11,11,Covirán Espejo | Covirán Montilla M. | Covirán Montilla V.,3,1095,1200,91.2 %,183.82,NO,No requiere,0.0,33.09,33.09,14:00,Cumplido
Andújar,Turno 1,06:00,14:10,14:15,Conductor FUR-TA-12,Ford E-Transit TA-12,12,Covirán Villanueva C. | Covirán Espiel | Covirán Villaviciosa | Covirán Picasso | Covirán Platero Repiso,5,1200,1200,100.0 %,258.99,SÍ,Tesla Córdoba (C. Gema),26.66,46.62,73.28,14:30,Cumplido
Andújar,Turno 1,06:00,10:06,14:15,Conductor FUR-TA-13,Ford E-Transit TA-13,13,Covirán Pedroches | Covirán Chinales 47,2,1150,1200,95.8 %,162.72,NO,No requiere,0.0,29.29,29.29,21:00,Cumplido
Andújar,Turno 1,06:00,10:50,14:15,Conductor FUR-TA-14,Ford E-Transit TA-14,14,Covirán Chinales Nave | Covirán Antonio Maura | Covirán Nevado Rey | Covirán Av. Cádiz,4,1140,1200,95.0 %,172.65,NO,No requiere,0.0,31.08,31.08,20:00,Cumplido
Andújar,Turno 1,06:00,13:06,14:15,Conductor FUR-TA-15,Ford E-Transit TA-15,15,Covirán Motril Cba | Covirán Villarrubia | Covirán Los Mochos | Covirán Guadalcázar,4,1160,1200,96.7 %,222.25,SÍ,Tesla Córdoba (C. Gema),26.66,40.0,66.66,14:00,Cumplido
Andújar,Turno 1,06:00,13:06,14:15,Conductor FUR-TA-16,Ford E-Transit TA-16,16,Covirán Montilla And. | Covirán Rambla Gala | Covirán Santaella R. | Covirán La Ventilla,4,870,1200,72.5 %,222.1,SÍ,bp Los Bomberos (Cabra (km 1.5)),28.56,39.98,68.54,20:00,Cumplido
Cartaya,Turno 1,06:00,09:05,14:15,Conductor FUR-TA-01,Ford E-Transit TA-01,1,Covirán Rubalcaba | Covirán Punta Moral | Covirán Villablanca | Covirán M. Unamuno 1 | Covirán M. Unamuno | Covirán Gavilanes,6,1170,1200,97.5 %,71.43,NO,No requiere,0.0,12.86,12.86,13:30,Cumplido
Cartaya,Turno 1,06:00,09:23,14:15,Conductor FUR-TA-02,Ford E-Transit TA-02,2,Covirán Italia | Covirán Fed. Molina | Covirán Lima | Covirán Bayona | Covirán Moguer | Covirán Gibraleón Alm,6,1190,1200,99.2 %,85.23,NO,No requiere,0.0,15.34,15.34,14:00,Cumplido
Cartaya,Turno 1,06:00,08:30,14:15,Conductor FUR-TA-03,Ford E-Transit TA-03,3,Covirán San Bartolomé | Covirán Gibraleón Pza | Covirán San Diego,3,1040,1200,86.7 %,79.29,NO,No requiere,0.0,14.27,14.27,14:30,Cumplido
Cartaya,Turno 1,06:00,12:29,14:15,Conductor FUR-TA-04,Ford E-Transit TA-04,4,Covirán Punta Umbría | Covirán Bonares | Covirán La Palma | Covirán Tharsis,4,1120,1200,93.3 %,194.29,SÍ,"IONITY Trigueros Sur (A-49 (km 71,3))",30.94,34.97,65.91,14:00,Cumplido
Cartaya,Turno 1,06:00,07:34,14:15,Conductor FUR-TA-05,Ford E-Transit TA-05,5,Covirán Mojarra,1,220,1200,18.3 %,59.68,NO,No requiere,0.0,10.74,10.74,14:00,Cumplido
Jerez de la Frontera,Turno 1,06:00,07:38,14:15,Conductor FUR-TA-01,Ford E-Transit TA-01,1,Covirán Montevideo | Covirán Zahara Jerez | Covirán Nicaragua | Covirán Vallesequillo | Covirán Blanca Paloma | Covirán Cerrofuerte,6,1195,1200,99.6 %,6.7,NO,No requiere,0.0,1.21,1.21,14:00,Cumplido
Jerez de la Frontera,Turno 1,06:00,07:38,14:15,Conductor FUR-TA-02,Ford E-Transit TA-02,2,Covirán Sta Bárbara | Covirán Jerez Mercado | Covirán Ursulina | Covirán Manzanilla | Covirán Guadalcacín,5,1160,1200,96.7 %,17.77,NO,No requiere,0.0,3.2,3.2,14:00,Cumplido
Jerez de la Frontera,Turno 1,06:00,09:21,14:15,Conductor FUR-TA-03,Ford E-Transit TA-03,3,Covirán Mediterráneo | Covirán La Ina | Covirán Nueva Jarrilla | Covirán Gibalbín | Covirán El Cuervo S. | Covirán El Cuervo F.,6,1145,1200,95.4 %,83.98,NO,No requiere,0.0,15.12,15.12,15:00,Cumplido
Jerez de la Frontera,Turno 1,06:00,09:23,14:15,Conductor FUR-TA-04,Ford E-Transit TA-04,4,Covirán Trebujena F. | Covirán Trebujena V. | Covirán Lebrija Cal. | Covirán Lebrija Cab. | Covirán El Cuervo J.,5,1195,1200,99.6 %,96.01,NO,No requiere,0.0,17.28,17.28,15:00,Cumplido
Jerez de la Frontera,Turno 1,06:00,08:33,14:15,Conductor FUR-TA-05,Ford E-Transit TA-05,5,Covirán Juan Grande | Covirán Hermana Fer. | Covirán Crucero Sanl. | Covirán Sanlúcar L.V. | Covirán Central Sanl.,5,1120,1200,93.3 %,59.05,NO,No requiere,0.0,10.63,10.63,14:00,Cumplido
Jerez de la Frontera,Turno 1,06:00,08:42,14:15,Conductor FUR-TA-06,Ford E-Transit TA-06,6,Covirán Arizón Sanl. | Covirán Elcano Sanl. | Covirán Rota Chipiona | Covirán Diputación Ch.,4,1035,1200,86.2 %,76.53,NO,No requiere,0.0,13.78,13.78,14:00,Cumplido
Jerez de la Frontera,Turno 1,06:00,09:04,14:15,Conductor FUR-TA-07,Ford E-Transit TA-07,7,Covirán Jédula | Covirán Arcos Saura | Covirán Arcos Cela | Covirán El Cuervo C.,4,1075,1200,89.6 %,93.67,NO,No requiere,0.0,16.86,16.86,14:30,Cumplido
Jerez de la Frontera,Turno 1,06:00,09:08,14:15,Conductor FUR-TA-08,Ford E-Transit TA-08,8,Covirán El Cuervo E. | Covirán Paterna,2,865,1200,72.1 %,118.8,NO,No requiere,0.0,21.38,21.38,19:00,Cumplido
Jerez de la Frontera,Turno 1,06:00,09:08,14:15,Conductor FUR-TA-09,Ford E-Transit TA-09,9,Covirán Matalascañas,1,380,1200,31.7 %,129.99,NO,No requiere,0.0,23.4,23.4,20:00,Cumplido
